{
  "accuracy": 0.9315789473684211,
  "macro_precision": 0.9268466397039283,
  "macro_recall": 0.9234009739698216,
  "macro_f1": 0.9237394999532699,
  "weighted_f1": 0.9315277029237234,
  "confusion_matrix": [
    [
      54,
      0,
      2,
      3,
      0,
      0
    ],
    [
      0,
      75,
      1,
      0,
      2,
      0
    ],
    [
      0,
      1,
      60,
      0,
      0,
      0
    ],
    [
      0,
      0,
      0,
      88,
      2,
      2
    ],
    [
      0,
      3,
      6,
      0,
      56,
      1
    ],
    [
      0,
      0,
      1,
      2,
      0,
      21
    ]
  ]
}